source_system,source_record_id,transaction_id,account_id,statement_id,entry_reference,account_servicer_reference,end_to_end_id,instruction_id,mandate_id,check_number,booking_date,value_date,authorized_date,booking_datetime,authorized_datetime,amount,currency,account_currency,account_amount,exchange_rate,credit_debit_indicator,status,transaction_code,payment_channel,category,subcategory,description,original_description,remittance_information,merchant_name,merchant_category_code,counterparty_name,counterparty_account_id,counterparty_iban_masked,counterparty_bic,counterparty_country,debtor_name,creditor_name,invoice_reference,customer_reference,bank_reference,balance_after_transaction,branch_id,location_country,location_city,is_fee,is_reversal,reversal_of_transaction_id,ingested_at,extra_data_json
Desert National Bank CAMT.053 Sandbox,BANK-0001,TXN-20260801-001,ACCT-AED-OPERATING-001,STMT-2026-08-001,NTRY-0001,ASR-0001,E2E-INV-1001,INS-0001,,,2026-08-01,2026-08-01,2026-07-31,2026-08-01T09:15:00Z,2026-07-31T15:42:00Z,10500.00,AED,AED,10500.00,1.000000,CREDIT,BOOKED,PMNT-RCDT-ESCT,bank_transfer,customer_payment,invoice_payment,Incoming payment from Atlas Facilities LLC,TRF ATLAS FAC INV-1001,Payment for INV-1001,,,Atlas Facilities LLC,CP-ATLAS-001,AE*******************4401,DNBKAEADXXX,AE,Atlas Facilities LLC,ReconcileFlow Demo Trading LLC,INV-1001,CUS-ATLAS,BNK-REF-1001,185500.00,DXB-001,AE,Dubai,False,False,,2026-09-05T08:00:00Z,{}
Euro Commerce Bank Open Banking Sandbox,BANK-0002,TXN-20260803-002,ACCT-EUR-COLLECTION-002,STMT-2026-08-EUR,NTRY-0002,ASR-0002,E2E-SET-2001,,,,2026-08-03,2026-08-03,2026-08-02,2026-08-03T07:30:00Z,,4850.00,EUR,EUR,4850.00,1.000000,CREDIT,BOOKED,PMNT-RCDT-MRCH,bank_transfer,gateway_payout,card_settlement,Card processor payout SET-2001,PAYFLOW SET-2001 NET 4850,SET-2001 INV-1002,PayFlow Test Gateway,,PayFlow Europe Test Ltd,CP-PAYFLOW-001,DE******************7812,TESTDEFFXXX,DE,PayFlow Europe Test Ltd,ReconcileFlow Demo Trading LLC,INV-1002,SET-2001,BNK-REF-2001,24850.00,FRA-TEST,DE,Frankfurt,False,False,,2026-09-05T08:00:00Z,{}
Northstar Bank API Sandbox,BANK-0003,TXN-20260805-003,ACCT-AED-OPERATING-001,STMT-2026-08-001,NTRY-0003,ASR-0003,E2E-INV-1003,,,,2026-08-05,2026-08-05,2026-08-05,2026-08-05T11:05:00Z,,2400.50,USD,AED,8814.64,3.672000,CREDIT,BOOKED,WIRE-IN,bank_transfer,customer_payment,invoice_payment,USD payment with small overpayment,WIRE NOVA RETAIL INV-1003,INV-1003,,,Nova Retail Group Inc,CP-NOVA-001,US******************9910,TESTUS33XXX,US,Nova Retail Group Inc,ReconcileFlow Demo Trading LLC,INV-1003,CUS-NOVA,BNK-REF-1003,194314.64,NYC-TEST,US,New York,False,False,,2026-09-05T08:00:00Z,{}
Desert National Bank CAMT.053 Sandbox,BANK-0004,TXN-20260808-004,ACCT-AED-OPERATING-001,STMT-2026-08-001,NTRY-0004,ASR-0004,E2E-BATCH-1004-1005,,,,2026-08-08,2026-08-08,,,,3675.00,AED,AED,3675.00,1.000000,CREDIT,BOOKED,PMNT-RCDT-ESCT,bank_transfer,customer_payment,batch_invoice_payment,Combined payment for two invoices,ORBIT INV1004 INV1005,INV-1004 + INV-1005,,,Orbit Hospitality FZ-LLC,CP-ORBIT-001,AE*******************2308,DNBKAEADXXX,AE,Orbit Hospitality FZ-LLC,ReconcileFlow Demo Trading LLC,INV-1004|INV-1005,CUS-ORBIT,BNK-REF-1004,197989.64,DXB-001,AE,Dubai,False,False,,2026-09-05T08:00:00Z,{}
Desert National Bank CAMT.053 Sandbox,BANK-0005A,TXN-20260810-005A,ACCT-AED-OPERATING-001,STMT-2026-08-001,NTRY-0005A,ASR-0005A,,,,,2026-08-10,2026-08-10,,,,1000.00,AED,AED,1000.00,1.000000,CREDIT,BOOKED,PMNT-RCDT-ESCT,bank_transfer,customer_payment,partial_payment,First partial payment for INV-1006,SUMMIT PART1 INV1006,INV-1006 PART 1,,,Summit Technical Services LLC,CP-SUMMIT-001,AE*******************5582,DNBKAEADXXX,AE,Summit Technical Services LLC,ReconcileFlow Demo Trading LLC,INV-1006,CUS-SUMMIT,BNK-REF-1006A,198989.64,DXB-001,AE,Abu Dhabi,False,False,,2026-09-05T08:00:00Z,{}
Desert National Bank CAMT.053 Sandbox,BANK-0005B,TXN-20260811-005B,ACCT-AED-OPERATING-001,STMT-2026-08-001,NTRY-0005B,ASR-0005B,,,,,2026-08-11,2026-08-11,,,,2000.00,AED,AED,2000.00,1.000000,CREDIT,BOOKED,PMNT-RCDT-ESCT,bank_transfer,customer_payment,partial_payment,Final partial payment for INV-1006,SUMMIT PART2 INV1006,INV-1006 PART 2,,,Summit Technical Services LLC,CP-SUMMIT-001,AE*******************5582,DNBKAEADXXX,AE,Summit Technical Services LLC,ReconcileFlow Demo Trading LLC,INV-1006,CUS-SUMMIT,BNK-REF-1006B,200989.64,DXB-001,AE,Abu Dhabi,False,False,,2026-09-05T08:00:00Z,{}
Desert National Bank CAMT.053 Sandbox,BANK-0006A,TXN-DUP-20260812-006,ACCT-AED-OPERATING-001,STMT-2026-08-001,NTRY-0006A,ASR-0006,,,,,2026-08-12,2026-08-12,,,,900.00,AED,AED,900.00,1.000000,CREDIT,BOOKED,PMNT-RCDT-ESCT,bank_transfer,customer_payment,invoice_payment,Payment for INV-1007,CEDAR INV1007,INV-1007,,,Cedar Medical Supplies LLC,CP-CEDAR-001,AE*******************7715,DNBKAEADXXX,AE,Cedar Medical Supplies LLC,ReconcileFlow Demo Trading LLC,INV-1007,CUS-CEDAR,BNK-DUP-1007,201889.64,DXB-001,AE,Sharjah,False,False,,2026-09-05T08:00:00Z,{}
Desert National Bank CAMT.053 Sandbox,BANK-0006B,TXN-DUP-20260812-006,ACCT-AED-OPERATING-001,STMT-2026-08-001,NTRY-0006B,ASR-0006,,,,,2026-08-12,2026-08-12,,,,900.00,AED,AED,900.00,1.000000,CREDIT,BOOKED,PMNT-RCDT-ESCT,bank_transfer,customer_payment,invoice_payment,Duplicate imported payment for INV-1007,CEDAR INV1007,INV-1007,,,Cedar Medical Supplies LLC,CP-CEDAR-001,AE*******************7715,DNBKAEADXXX,AE,Cedar Medical Supplies LLC,ReconcileFlow Demo Trading LLC,INV-1007,CUS-CEDAR,BNK-DUP-1007,201889.64,DXB-001,AE,Sharjah,False,False,,2026-09-05T08:00:00Z,"{""duplicate_import_batch"":""IMPORT-002""}"
Desert National Bank CAMT.053 Sandbox,BANK-0007,TXN-20260814-007,ACCT-AED-OPERATING-001,STMT-2026-08-001,NTRY-0007,ASR-0007,,,,,2026-08-14,2026-08-14,,,,777.77,AED,AED,777.77,1.000000,CREDIT,BOOKED,CASH-DEP,cash,unclassified,unknown_deposit,Unidentified cash deposit,CASH DEP BR 14,,,,,,,,AE,,ReconcileFlow Demo Trading LLC,,,BNK-REF-UNKNOWN,202667.41,DXB-001,AE,Dubai,False,False,,2026-09-05T08:00:00Z,"{""cash_deposit_envelope"":""ENV-TEST-14""}"
